Workbook

Sheet Read Me
A1: American Built Cabinets - Cleaned Keyword Map
A2: Source: Semrush Keyword Strategy Builder export (767 keywords), audited 23 July 2026.
A4: What was done
A5: The original export mapped 767 keywords across 32 URLs. 313 were removed and 71 flagged for review.
A6: Removals fall into eight buckets, each named in the 'Cut List' tab so you can overrule any of them.
A7: The largest single problem was audience drift: keywords about kitchen remodeling, DIY cabinet
A8: building, cabinet painting, furniture retail and San Jose community events. None of these
A9: describe someone commissioning custom cabinetry from a manufacturer.
A11: Tabs
A12: Priority Map - the 383 keywords worth keeping, grouped into 15 clusters with a target page.
A13: Cluster Summary - volume and difficulty per cluster, with build order. Start here.
A14: Gaps to Add - keywords the strategy file missed entirely, pulled from your Positions export
... A32: see the Gaps to Add tab.

Sheet Cluster Summary
A1: Cluster Summary - build order
A2: Keywords and Volume are live SUMIFS/COUNTIFS against the Priority Map tab.
A4: Cluster | B4: Target page | C4: Keywords | D4: Total Vol | E4: Med KD | F4: Priority | G4: Page status | H4: Action
A5: Door styles & cabinet types | B5: /colors-finishes | C5: =COUNTIF('Priority Map'!$A:$A,$A5) -> 65 | D5: =SUMIF('Priority Map'!$A:$A,$A5,'Priority Map'!$D:$D) -> 27820 | E5: 23 | G5: Exists | H5: Split into 3 pages - it is carrying 65 keywords alone
A6: Two-tone & cabinet colors | B6: /blog/two-tone-kitchen-cabinets... | C6: =COUNTIF('Priority Map'!$A:$A,$A6) -> 54 | D6: =SUMIF('Priority Map'!$A:$A,$A6,'Priority Map'!$D:$D) -> 22850 | E6: 24 | G6: Exists | H6: Expand; strongest colour cluster
A7: Materials: MDF/plywood/wood | B7: /blog/mdf-vs-plywood-vs-solid-wood... | C7: =COUNTIF('Priority Map'!$A:$A,$A7) -> 44 | D7: =SUMIF('Priority Map'!$A:$A,$A7,'Priority Map'!$D:$D) -> 18770 | E7: 19.5 | G7: Exists | H7: Expand; low KD across the board
A8: Shaker style | B8: /blog/modern-shaker-cabinets... | C8: =COUNTIF('Priority Map'!$A:$A,$A8) -> 52 | D8: =SUMIF('Priority Map'!$A:$A,$A8,'Priority Map'!$D:$D) -> 17390 | E8: 17 | G8: Exists | H8: Make this a pillar page - median KD 17
A9: Dining room cabinets | B9: /blog/modern-dining-room-cabinet-solutions... | C9: =COUNTIF('Priority Map'!$A:$A,$A9) -> 25 | D9: =SUMIF('Priority Map'!$A:$A,$A9,'Priority Map'!$D:$D) -> 11180 | E9: 20 | G9: Exists | H9: Check intent - much of this is furniture shopping
A10: Finishes: paint vs stain | B10: /blog/cabinet-finishes-explained... | C10: =COUNTIF('Priority Map'!$A:$A,$A10) -> 51 | D10: =SUMIF('Priority Map'!$A:$A,$A10,'Priority Map'!$D:$D) -> 8210 | E10: 15 | G10: Exists | H10: Expand; median KD 15, lowest on the site
A11: Installation service | B11: /service/installation | C11: =COUNTIF('Priority Map'!$A:$A,$A11) -> 11 | D11: =SUMIF('Priority Map'!$A:$A,$A11,'Priority Map'!$D:$D) -> 5690 | E11: 28 | G11: Exists | H11: Add local modifiers
A12: Design consultation | B12: /service/design-consultation | C12: =COUNTIF('Priority Map'!$A:$A,$A12) -> 14 | D12: =SUMIF('Priority Map'!$A:$A,$A12,'Priority Map'!$D:$D) -> 5290 | E12: 32.5 | G12: Exists | H12: Thin - needs real content
A13: Custom cabinetry - general | B13: /service | C13: =COUNTIF('Priority Map'!$A:$A,$A13) -> 15 | D13: =SUMIF('Priority Map'!$A:$A,$A13,'Priority Map'!$D:$D) -> 3390 | E13: 36 | G13: Exists | H13: Split trade vs residential
A14: Local: Bay Area & SF | B14: /service | C14: =COUNTIF('Priority Map'!$A:$A,$A14) -> 14 | D14: =SUMIF('Priority Map'!$A:$A,$A14,'Priority Map'!$D:$D) -> 2550 | E14: 18 | G14: Exists | H14: Split trade vs residential
A15: Quality & brand comparison | B15: /about | C15: =COUNTIF('Priority Map'!$A:$A,$A15) -> 11 | D15: =SUMIF('Priority Map'!$A:$A,$A15,'Priority Map'!$D:$D) -> 2210 | E15: 13 | G15: Exists | H15: Stop competing with homepage on brand terms
A16: Commercial cabinetry | B16: /commercial (NEW PAGE) | C16: =COUNTIF('Priority Map'!$A:$A,$A16) -> 5 | D16: =SUMIF('Priority Map'!$A:$A,$A16,'Priority Map'!$D:$D) -> 1510 | E16: 8 | G16: MISSING | H16: Build it - median KD 8, currently on a portfolio page
... A19: Local: San Jose | B19: / (homepage) | C19: =COUNTIF('Priority Map'!$A:$A,$A19) -> 11 | D19: =SUMIF('Priority Map'!$A:$A,$A19,'Priority Map'!$D:$D) -> 560 | E19: 23 | G19: Exists | H19: See Gaps tab - the real San Jose terms are missing here
B21: TOTAL | C21: =SUM(C5:C19) -> 383 | D21: =SUM(D5:D19) -> 129360
A23: Priority column left blank deliberately - fill it in yourself. Ranking these is a business decision about which customer you want more of (homeowner, builder, or commercial), not an SEO one.

Sheet Priority Map
A1: Cluster | B1: Target page | C1: Keyword | D1: Vol | E1: KD | F1: Score | G1: Intent | H1: Note
A2: Commercial cabinetry | B2: /commercial (NEW PAGE) | C2: commercial cabinets | D2: 1000 | E2: 19 | F2: =IF(E2<=1,"",ROUND(D2/POWER(E2,0.9),1)) -> 70.7 | G2: commercial
A3: Commercial cabinetry | B3: /commercial (NEW PAGE) | C3: commercial cabinetry | D3: 320 | E3: 8 | F3: =IF(E3<=1,"",ROUND(D3/POWER(E3,0.9),1)) -> 49.2 | G3: commercial
A4: Commercial cabinetry | B4: /commercial (NEW PAGE) | C4: commercial grade cabinets | D4: 110 | E4: 3 | F4: =IF(E4<=1,"",ROUND(D4/POWER(E4,0.9),1)) -> 40.9 | G4: commercial
A5: Commercial cabinetry | B5: /commercial (NEW PAGE) | C5: commercial building cabinet | D5: 40 | E5: 11 | F5: =IF(E5<=1,"",ROUND(D5/POWER(E5,0.9),1)) -> 4.6 | G5: informational, transactional
A6: Commercial cabinetry | B6: /commercial (NEW PAGE) | C6: custom commercial cabinetry | D6: 40 | E6: 0 | F6: =IF(E6<=1,"",ROUND(D6/POWER(E6,0.9),1)) | G6: commercial | H6: KD unavailable
A7: Cost & pricing | B7: /pricing (NEW PAGE) | C7: custom cabinet cost | D7: 260 | E7: 8 | F7: =IF(E7<=1,"",ROUND(D7/POWER(E7,0.9),1)) -> 40 | G7: informational, commercial
A8: Cost & pricing | B8: /pricing (NEW PAGE) | C8: custom cabinets prices | D8: 390 | E8: 30 | F8: =IF(E8<=1,"",ROUND(D8/POWER(E8,0.9),1)) -> 18.3 | G8: commercial
A9: Cost & pricing | B9: /pricing (NEW PAGE) | C9: kitchen cabinets pricing | D9: 260 | E9: 24 | F9: =IF(E9<=1,"",ROUND(D9/POWER(E9,0.9),1)) -> 14.9 | G9: transactional
A10: Cost & pricing | B10: /pricing (NEW PAGE) | C10: cabinet pricing | D10: 210 | E10: 27 | F10: =IF(E10<=1,"",ROUND(D10/POWER(E10,0.9),1)) -> 10.8 | G10: transactional
A11: Custom cabinetry - general | B11: /service | C11: custom made cabinets | D11: 1000 | E11: 44 | F11: =IF(E11<=1,"",ROUND(D11/POWER(E11,0.9),1)) -> 33.2 | G11: commercial
A12: Custom cabinetry - general | B12: /service | C12: custom cabinets for bedroom | D12: 30 | E12: 2 | F12: =IF(E12<=1,"",ROUND(D12/POWER(E12,0.9),1)) -> 16.1 | G12: informational
A13: Custom cabinetry - general | B13: /service | C13: custom cabinets for bathroom | D13: 320 | E13: 29 | F13: =IF(E13<=1,"",ROUND(D13/POWER(E13,0.9),1)) -> 15.5 | G13: commercial
A14: Custom cabinetry - general | B14: /service | C14: customizable cabinets | D14: 390 | E14: 39 | F14: =IF(E14<=1,"",ROUND(D14/POWER(E14,0.9),1)) -> 14.4 | G14: commercial
A15: Custom cabinetry - general | B15: /service | C15: building custom cabinets | D15: 260 | E15: 29 | F15: =IF(E15<=1,"",ROUND(D15/POWER(E15,0.9),1)) -> 12.6 | G15: informational
A16: Custom cabinetry - general | B16: /service | C16: custom oak cabinets | D16: 90 | E16: 10 | F16: =IF(E16<=1,"",ROUND(D16/POWER(E16,0.9),1)) -> 11.3 | G16: commercial
A17: Custom cabinetry - general | B17: /service | C17: custom cabinets for kitchen | D17: 260 | E17: 36 | F17: =IF(E17<=1,"",ROUND(D17/POWER(E17,0.9),1)) -> 10.3 | G17: commercial
A18: Custom cabinetry - general | B18: /service | C18: custom base cabinets | D18: 170 | E18: 31 | F18: =IF(E18<=1,"",ROUND(D18/POWER(E18,0.9),1)) -> 7.7 | G18: commercial
... A63: Dining room cabinets | B63: /blog/modern-dining-room-cabinet-solutions... | C63: tall cabinets for dining room | D63: 30 | E63: 16 | F63: =IF(E63<=1,"",ROUND(D63/POWER(E63,0.9),1)) -> 2.5 | G63: transactional
A64: Dining room cabinets | B64: /blog/modern-dining-room-cabinet-solutions... | C64: custom dining room cabinets | D64: 70 | E64: 0 | F64: =IF(E64<=1,"",ROUND(D64/POWER(E64,0.9),1)) | G64: commercial | H64: KD unavailable
A65: Door styles & cabinet types | B65: /colors-finishes | C65: cabinet door styles | D65: 3600 | E65: 26 | F65: =IF(E65<=1,"",ROUND(D65/POWER(E65,0.9),1)) -> 191.8 | G65: informational, commercial
A66: Door styles & cabinet types | B66: /colors-finishes | C66: cabinet design | D66: 3600 | E66: 34 | F66: =IF(E66<=1,"",ROUND(D66/POWER(E66,0.9),1)) -> 150.7 | G66: commercial
A67: Door styles & cabinet types | B67: /colors-finishes | C67: types of cabinet doors | D67: 1300 | E67: 11 | F67: =IF(E67<=1,"",ROUND(D67/POWER(E67,0.9),1)) -> 150.2 | G67: informational
A68: Door styles & cabinet types | B68: /colors-finishes | C68: cabinet styles | D68: 2400 | E68: 25 | F68: =IF(E68<=1,"",ROUND(D68/POWER(E68,0.9),1)) -> 132.5 | G68: informational
A69: Door styles & cabinet types | B69: /colors-finishes | C69: types of cabinets | D69: 1600 | E69: 26 | F69: =IF(E69<=1,"",ROUND(D69/POWER(E69,0.9),1)) -> 85.2 | G69: informational
A70: Door styles & cabinet types | B70: /colors-finishes | C70: type of cabinet | D70: 590 | E70: 12 | F70: =IF(E70<=1,"",ROUND(D70/POWER(E70,0.9),1)) -> 63 | G70: informational
A71: Door styles & cabinet types | B71: /colors-finishes | C71: cabinet designs | D71: 1000 | E71: 23 | F71: =IF(E71<=1,"",ROUND(D71/POWER(E71,0.9),1)) -> 59.5 | G71: informational, commercial
A72: Door styles & cabinet types | B72: /colors-finishes | C72: kitchen cabinet designer | D72: 1000 | E72: 36 | F72: =IF(E72<=1,"",ROUND(D72/POWER(E72,0.9),1)) -> 39.7 | G72: commercial
A73: Door styles & cabinet types | B73: /colors-finishes | C73: style of cabinet doors | D73: 480 | E73: 17 | F73: =IF(E73<=1,"",ROUND(D73/POWER(E73,0.9),1)) -> 37.5 | G73: informational
A74: Door styles & cabinet types | B74: /colors-finishes | C74: modern cabinet door styles | D74: 720 | E74: 27 | F74: =IF(E74<=1,"",ROUND(D74/POWER(E74,0.9),1)) -> 37.1 | G74: informational
A75: Door styles & cabinet types | B75: /colors-finishes | C75: pictures of kitchen cabinet styles | D75: 720 | E75: 27 | F75: =IF(E75<=1,"",ROUND(D75/POWER(E75,0.9),1)) -> 37.1 | G75: informational
A76: Door styles & cabinet types | B76: /colors-finishes | C76: modern kitchen cabinet design | D76: 880 | E76: 34 | F76: =IF(E76<=1,"",ROUND(D76/POWER(E76,0.9),1)) -> 36.8 | G76: informational
... A179: Finishes: paint vs stain | B179: /blog/cabinet-finishes-explained... | C179: cabinet finishes paint | D179: 40 | E179: 23 | F179: =IF(E179<=1,"",ROUND(D179/POWER(E179,0.9),1)) -> 2.4 | G179: informational
A180: Finishes: paint vs stain | B180: /blog/cabinet-finishes-explained... | C180: painted cabinets vs stained | D180: 30 | E180: 1 | F180: =IF(E180<=1,"",ROUND(D180/POWER(E180,0.9),1)) | G180: commercial | H180: KD unavailable
A181: Installation service | B181: /service/installation | C181: kitchen cabinet installation | D181: 2400 | E181: 28 | F181: =IF(E181<=1,"",ROUND(D181/POWER(E181,0.9),1)) -> 119.6 | G181: commercial
A182: Installation service | B182: /service/installation | C182: cabinet installer | D182: 1300 | E182: 43 | F182: =IF(E182<=1,"",ROUND(D182/POWER(E182,0.9),1)) -> 44 | G182: commercial
A183: Installation service | B183: /service/installation | C183: cabinet installers | D183: 720 | E183: 37 | F183: =IF(E183<=1,"",ROUND(D183/POWER(E183,0.9),1)) -> 27.9 | G183: commercial
A184: Installation service | B184: /service/installation | C184: installation of cabinets | D184: 390 | E184: 28 | F184: =IF(E184<=1,"",ROUND(D184/POWER(E184,0.9),1)) -> 19.4 | G184: informational
A185: Installation service | B185: /service/installation | C185: installation cabinets | D185: 390 | E185: 31 | F185: =IF(E185<=1,"",ROUND(D185/POWER(E185,0.9),1)) -> 17.7 | G185: commercial
A186: Installation service | B186: /service/installation | C186: custom cabinet installation | D186: 210 | E186: 41 | F186: =IF(E186<=1,"",ROUND(D186/POWER(E186,0.9),1)) -> 7.4 | G186: commercial
A187: Installation service | B187: /service/installation | C187: cabinet hardware installers | D187: 70 | E187: 23 | F187: =IF(E187<=1,"",ROUND(D187/POWER(E187,0.9),1)) -> 4.2 | G187: commercial
A188: Installation service | B188: /service/installation | C188: custom cabinetry installation | D188: 40 | E188: 16 | F188: =IF(E188<=1,"",ROUND(D188/POWER(E188,0.9),1)) -> 3.3 | G188: commercial
A189: Installation service | B189: /service/installation | C189: installing new cabinets | D189: 50 | E189: 23 | F189: =IF(E189<=1,"",ROUND(D189/POWER(E189,0.9),1)) -> 3 | G189: informational
A190: Installation service | B190: /service/installation | C190: cabinet installation company | D190: 70 | E190: 36 | F190: =IF(E190<=1,"",ROUND(D190/POWER(E190,0.9),1)) -> 2.8 | G190: commercial
A191: Installation service | B191: /service/installation | C191: cabinets install | D191: 50 | E191: 28 | F191: =IF(E191<=1,"",ROUND(D191/POWER(E191,0.9),1)) -> 2.5 | G191: transactional
A192: Local: Bay Area & SF | B192: /service | C192: bay area cabinetmaker | D192: 1000 | E192: 31 | F192: =IF(E192<=1,"",ROUND(D192/POWER(E192,0.9),1)) -> 45.5 | G192: commercial
... A215: Local: San Jose | B215: / (homepage) | C215: san jose kitchen and bath | D215: 30 | E215: 33 | F215: =IF(E215<=1,"",ROUND(D215/POWER(E215,0.9),1)) -> 1.3 | G215: commercial
A216: Local: San Jose | B216: / (homepage) | C216: cabinet refacing san jose | D216: 30 | E216: 0 | F216: =IF(E216<=1,"",ROUND(D216/POWER(E216,0.9),1)) | G216: commercial | H216: KD unavailable
A217: Materials: MDF/plywood/wood | B217: /blog/mdf-vs-plywood-vs-solid-wood... | C217: wood kitchen cabinets | D217: 6600 | E217: 26 | F217: =IF(E217<=1,"",ROUND(D217/POWER(E217,0.9),1)) -> 351.6 | G217: commercial
A218: Materials: MDF/plywood/wood | B218: /blog/mdf-vs-plywood-vs-solid-wood... | C218: wood cabinets | D218: 5400 | E218: 37 | F218: =IF(E218<=1,"",ROUND(D218/POWER(E218,0.9),1)) -> 209.4 | G218: transactional
A219: Materials: MDF/plywood/wood | B219: /blog/mdf-vs-plywood-vs-solid-wood... | C219: wood cabinet doors | D219: 1300 | E219: 21 | F219: =IF(E219<=1,"",ROUND(D219/POWER(E219,0.9),1)) -> 83.9 | G219: commercial
A220: Materials: MDF/plywood/wood | B220: /blog/mdf-vs-plywood-vs-solid-wood... | C220: wood kitchen cabinet | D220: 720 | E220: 22 | F220: =IF(E220<=1,"",ROUND(D220/POWER(E220,0.9),1)) -> 44.6 | G220: informational, transactional
A221: Materials: MDF/plywood/wood | B221: /blog/mdf-vs-plywood-vs-solid-wood... | C221: mdf vs plywood for cabinets | D221: 170 | E221: 6 | F221: =IF(E221<=1,"",ROUND(D221/POWER(E221,0.9),1)) -> 33.9 | G221: informational, commercial
A222: Materials: MDF/plywood/wood | B222: /blog/mdf-vs-plywood-vs-solid-wood... | C222: cabinet materials | D222: 480 | E222: 29 | F222: =IF(E222<=1,"",ROUND(D222/POWER(E222,0.9),1)) -> 23.2 | G222: commercial
A223: Materials: MDF/plywood/wood | B223: /blog/mdf-vs-plywood-vs-solid-wood... | C223: wood kitchen cabinet colors | D223: 480 | E223: 31 | F223: =IF(E223<=1,"",ROUND(D223/POWER(E223,0.9),1)) -> 21.8 | G223: informational, commercial
A224: Materials: MDF/plywood/wood | B224: /blog/mdf-vs-plywood-vs-solid-wood... | C224: color of wood cabinets | D224: 70 | E224: 4 | F224: =IF(E224<=1,"",ROUND(D224/POWER(E224,0.9),1)) -> 20.1 | G224: informational
A225: Materials: MDF/plywood/wood | B225: /blog/mdf-vs-plywood-vs-solid-wood... | C225: best material for kitchen cabinets | D225: 260 | E225: 19 | F225: =IF(E225<=1,"",ROUND(D225/POWER(E225,0.9),1)) -> 18.4 | G225: commercial
A226: Materials: MDF/plywood/wood | B226: /blog/mdf-vs-plywood-vs-solid-wood... | C226: kitchen paint colors with wood cabinets | D226: 320 | E226: 25 | F226: =IF(E226<=1,"",ROUND(D226/POWER(E226,0.9),1)) -> 17.7 | G226: informational
A227: Materials: MDF/plywood/wood | B227: /blog/mdf-vs-plywood-vs-solid-wood... | C227: painted wood cabinets | D227: 260 | E227: 22 | F227: =IF(E227<=1,"",ROUND(D227/POWER(E227,0.9),1)) -> 16.1 | G227: informational, commercial
A228: Materials: MDF/plywood/wood | B228: /blog/mdf-vs-plywood-vs-solid-wood... | C228: cabinet joinery | D228: 170 | E228: 14 | F228: =IF(E228<=1,"",ROUND(D228/POWER(E228,0.9),1)) -> 15.8 | G228: informational, commercial
... A270: Quality & brand comparison | B270: /about | C270: kitchen luxury cabinets | D270: 70 | E270: 30 | F270: =IF(E270<=1,"",ROUND(D270/POWER(E270,0.9),1)) -> 3.3 | G270: commercial
A271: Quality & brand comparison | B271: /about | C271: high end luxury kitchen cabinets | D271: 70 | E271: 1 | F271: =IF(E271<=1,"",ROUND(D271/POWER(E271,0.9),1)) | G271: commercial | H271: KD unavailable
A272: Shaker style | B272: /blog/modern-shaker-cabinets... | C272: shaker kitchen cabinets | D272: 5400 | E272: 30 | F272: =IF(E272<=1,"",ROUND(D272/POWER(E272,0.9),1)) -> 252.9 | G272: informational
A273: Shaker style | B273: /blog/modern-shaker-cabinets... | C273: shaker cabinet | D273: 2400 | E273: 17 | F273: =IF(E273<=1,"",ROUND(D273/POWER(E273,0.9),1)) -> 187.4 | G273: informational, commercial
A274: Shaker style | B274: /blog/modern-shaker-cabinets... | C274: contemporary shaker cabinets | D274: 260 | E274: 4 | F274: =IF(E274<=1,"",ROUND(D274/POWER(E274,0.9),1)) -> 74.7 | G274: informational, commercial
A275: Shaker style | B275: /blog/modern-shaker-cabinets... | C275: shaker white cabinets | D275: 880 | E275: 17 | F275: =IF(E275<=1,"",ROUND(D275/POWER(E275,0.9),1)) -> 68.7 | G275: informational, transactional
A276: Shaker style | B276: /blog/modern-shaker-cabinets... | C276: white shaker style cabinets | D276: 390 | E276: 9 | F276: =IF(E276<=1,"",ROUND(D276/POWER(E276,0.9),1)) -> 54 | G276: informational
A277: Shaker style | B277: /blog/modern-shaker-cabinets... | C277: shaker wall cabinets | D277: 140 | E277: 3 | F277: =IF(E277<=1,"",ROUND(D277/POWER(E277,0.9),1)) -> 52.1 | G277: commercial
A278: Shaker style | B278: /blog/modern-shaker-cabinets... | C278: shaker door cabinet | D278: 480 | E278: 17 | F278: =IF(E278<=1,"",ROUND(D278/POWER(E278,0.9),1)) -> 37.5 | G278: informational
A279: Shaker style | B279: /blog/modern-shaker-cabinets... | C279: shaker style cabinet | D279: 720 | E279: 30 | F279: =IF(E279<=1,"",ROUND(D279/POWER(E279,0.9),1)) -> 33.7 | G279: informational, commercial
A280: Shaker style | B280: /blog/modern-shaker-cabinets... | C280: painted shaker cabinets | D280: 140 | E280: 5 | F280: =IF(E280<=1,"",ROUND(D280/POWER(E280,0.9),1)) -> 32.9 | G280: informational, commercial
A281: Shaker style | B281: /blog/modern-shaker-cabinets... | C281: modern shaker cabinets | D281: 390 | E281: 16 | F281: =IF(E281<=1,"",ROUND(D281/POWER(E281,0.9),1)) -> 32.2 | G281: commercial
A282: Shaker style | B282: /blog/modern-shaker-cabinets... | C282: what is shaker cabinetry | D282: 390 | E282: 17 | F282: =IF(E282<=1,"",ROUND(D282/POWER(E282,0.9),1)) -> 30.5 | G282: informational
A283: Shaker style | B283: /blog/modern-shaker-cabinets... | C283: shaker style door cabinets | D283: 480 | E283: 23 | F283: =IF(E283<=1,"",ROUND(D283/POWER(E283,0.9),1)) -> 28.6 | G283: informational, transactional
... A319: Shaker style | B319: /blog/modern-shaker-cabinets... | C319: shaker cabinet door fronts | D319: 30 | E319: 18 | F319: =IF(E319<=1,"",ROUND(D319/POWER(E319,0.9),1)) -> 2.2 | G319: commercial
A320: Shaker style | B320: /blog/modern-shaker-cabinets... | C320: shaker oak kitchen cabinets | D320: 140 | E320: 0 | F320: =IF(E320<=1,"",ROUND(D320/POWER(E320,0.9),1)) | G320: informational | H320: KD unavailable
A321: Shaker style | B321: /blog/modern-shaker-cabinets... | C321: shaker cabinet panel | D321: 30 | E321: 1 | F321: =IF(E321<=1,"",ROUND(D321/POWER(E321,0.9),1)) | G321: informational, transactional | H321: KD unavailable
A322: Shaker style | B322: /blog/modern-shaker-cabinets... | C322: recessed shaker cabinets | D322: 30 | E322: 0 | F322: =IF(E322<=1,"",ROUND(D322/POWER(E322,0.9),1)) | G322: informational | H322: KD unavailable
A323: Shaker style | B323: /blog/modern-shaker-cabinets... | C323: shaker frameless cabinets | D323: 30 | E323: 1 | F323: =IF(E323<=1,"",ROUND(D323/POWER(E323,0.9),1)) | G323: commercial | H323: KD unavailable
A324: Trade / builders / multifamily | B324: /trade-program | C324: contractor cabinets | D324: 480 | E324: 36 | F324: =IF(E324<=1,"",ROUND(D324/POWER(E324,0.9),1)) -> 19.1 | G324: commercial
A325: Trade / builders / multifamily | B325: /trade-program | C325: multifamily cabinetry | D325: 40 | E325: 3 | F325: =IF(E325<=1,"",ROUND(D325/POWER(E325,0.9),1)) -> 14.9 | G325: commercial
A326: Trade / builders / multifamily | B326: /trade-program | C326: commercial cabinet manufacturers | D326: 50 | E326: 8 | F326: =IF(E326<=1,"",ROUND(D326/POWER(E326,0.9),1)) -> 7.7 | G326: commercial
A327: Trade / builders / multifamily | B327: /trade-program | C327: multifamily cabinets | D327: 90 | E327: 16 | F327: =IF(E327<=1,"",ROUND(D327/POWER(E327,0.9),1)) -> 7.4 | G327: commercial
A328: Trade / builders / multifamily | B328: /trade-program | C328: kitchen cabinets for builders | D328: 90 | E328: 33 | F328: =IF(E328<=1,"",ROUND(D328/POWER(E328,0.9),1)) -> 3.9 | G328: commercial
A329: Trade / builders / multifamily | B329: /trade-program | C329: cabinet industry | D329: 40 | E329: 29 | F329: =IF(E329<=1,"",ROUND(D329/POWER(E329,0.9),1)) -> 1.9 | G329: commercial
A330: Trade / builders / multifamily | B330: /trade-program | C330: builders kitchen cabinets | D330: 30 | E330: 23 | F330: =IF(E330<=1,"",ROUND(D330/POWER(E330,0.9),1)) -> 1.8 | G330: commercial
A331: Two-tone & cabinet colors | B331: /blog/two-tone-kitchen-cabinets... | C331: coloured cabinets | D331: 3600 | E331: 23 | F331: =IF(E331<=1,"",ROUND(D331/POWER(E331,0.9),1)) -> 214.2 | G331: informational
A332: Two-tone & cabinet colors | B332: /blog/two-tone-kitchen-cabinets... | C332: kitchen cabinet paint colors | D332: 3600 | E332: 37 | F332: =IF(E332<=1,"",ROUND(D332/POWER(E332,0.9),1)) -> 139.6 | G332: informational
A333: Two-tone & cabinet colors | B333: /blog/two-tone-kitchen-cabinets... | C333: best kitchen cabinet colors | D333: 1600 | E333: 17 | F333: =IF(E333<=1,"",ROUND(D333/POWER(E333,0.9),1)) -> 124.9 | G333: informational
A334: Two-tone & cabinet colors | B334: /blog/two-tone-kitchen-cabinets... | C334: colored kitchen cabinets | D334: 1300 | E334: 24 | F334: =IF(E334<=1,"",ROUND(D334/POWER(E334,0.9),1)) -> 74.4 | G334: informational
A335: Two-tone & cabinet colors | B335: /blog/two-tone-kitchen-cabinets... | C335: colors for kitchen cabinets | D335: 1600 | E335: 34 | F335: =IF(E335<=1,"",ROUND(D335/POWER(E335,0.9),1)) -> 67 | G335: informational, commercial
... A384: Two-tone & cabinet colors | B384: /blog/two-tone-kitchen-cabinets... | C384: kitchen with different color cabinets | D384: 40 | E384: 28 | F384: =IF(E384<=1,"",ROUND(D384/POWER(E384,0.9),1)) -> 2 | G384: informational

Sheet Gaps to Add
A1: Keywords the strategy file missed
A2: Sourced from your Organic Positions export and the Otterly AI brand report. The first three are the single biggest omission: a cluster you already rank #13 for.
A4: Keyword | B4: Vol | C4: KD | D4: Intent | E4: Target page | F4: Why it matters
A5: inset vs overlay cabinets | B5: 1900 | C5: 10 | D5: commercial | E5: /blog/inset-vs-overlay-cabinets... | F5: Ranks #13 already. Whole cluster absent from strategy file.
A6: inset cabinets vs overlay cabinets | B6: 720 | C6: 9 | D6: commercial | E6: /blog/inset-vs-overlay-cabinets... | F6: Ranks #30. Same page.
A7: inset cabinets vs overlay | B7: 590 | C7: 8 | D7: commercial | E7: /blog/inset-vs-overlay-cabinets... | F7: Ranks #37. Same page.
A8: kitchen cabinets san jose ca | B8: 170 | C8: 16 | D8: commercial | E8: / (homepage) | F8: Ranks #31. Highest-volume San Jose term; missing from strategy.
A9: san jose ca cabinets | B9: 70 | C9: 28 | D9: commercial | E9: / (homepage) | F9: Ranks #24. Missing from strategy.
A10: cabinet makers in san jose ca | B10: 40 | C10: 20 | D10: commercial | E10: / (homepage) | F10: Ranks #68. CPC $6.09.
A11: cabinet maker san jose ca | B11: 30 | C11: 21 | D11: commercial | E11: / (homepage) | F11: Ranks #15. CPC $7.10 - highest-value term on the site.
A12: cabinet store san jose | B12: 30 | C12: 8 | D12: commercial | E12: / (homepage) | F12: Ranks #26, new entry. KD 8.
A13: ikea cabinets installation service | B13: 50 | C13: 28 | D13: informational | E13: /service/installation | F13: Ranks #69. CPC $5.47.
A14: custom cabinet lead time | B14: n/a | C14: n/a | D14: commercial | E14: /blog/how-long-do-custom-kitchen-cabinets-take... | F14: No Semrush volume, but drove 20 AI citations (Otterly prompt #1). Build for AI search, not Google.
A15: cabinet lead times bay area | B15: n/a | C15: n/a | D15: commercial | E15: /blog/how-long-do-custom-kitchen-cabinets-take... | F15: Same - AI-search demand that Semrush cannot see.
A16: cabinet supplier for home builders | B16: n/a | C16: n/a | D16: commercial | E16: /trade-program | F16: Otterly prompt #3. Zero Semrush volume, real buyer question.
A17: integrated material solutions cabinetry | B17: n/a | C17: n/a | D17: commercial | E17: /trade-program | F17: Otterly prompt #1 by mention count.

Sheet Cut List
A1: Removed keywords
A2: Overrule anything here that you disagree with - these are rules, not judgements about your business.
A4: Keyword | B4: Vol | C4: KD | D4: Intent | E4: Reason cut
A5: diy kitchen cabinets | B5: 3600 | C5: 40 | D5: informational | E5: DIY / woodworking hobbyist
A6: how to make kitchen cabinets | B6: 1600 | C6: 20 | D6: informational | E6: DIY / woodworking hobbyist
A7: how to build kitchen cabinets | B7: 1600 | C7: 29 | D7: informational | E7: DIY / woodworking hobbyist
A8: kitchen cabinet plans | B8: 720 | C8: 9 | D8: commercial | E8: DIY / woodworking hobbyist
A9: build cabinets | B9: 480 | C9: 18 | D9: informational | E9: DIY / woodworking hobbyist
A10: building a cabinet | B10: 480 | C10: 22 | D10: informational | E10: DIY / woodworking hobbyist
A11: kitchen cabinet blueprints | B11: 390 | C11: 14 | D11: informational, commercial | E11: DIY / woodworking hobbyist
A12: good wood for cabinet making | B12: 320 | C12: 13 | D12: informational, commercial | E12: DIY / woodworking hobbyist
A13: woodworking cabinets | B13: 320 | C13: 45 | D13: commercial | E13: DIY / woodworking hobbyist
A14: how do you build kitchen cabinets | B14: 320 | C14: 28 | D14: informational | E14: DIY / woodworking hobbyist
A15: how to make custom cabinets | B15: 260 | C15: 21 | D15: informational | E15: DIY / woodworking hobbyist
A16: build your own custom cabinets | B16: 260 | C16: 38 | D16: informational, transactional | E16: DIY / woodworking hobbyist
... A317: cabinet makers and installers near me | B317: 30 | C317: 38 | D317: transactional | E317: Retail / e-commerce intent

Sheet Review
A1: Unclustered - needs a human decision
A2: These passed the cut rules but matched no cluster pattern. Assign or discard.
A4: Keyword | B4: Vol | C4: KD | D4: Intent | E4: Originally assigned to
A5: coffee bar cabinet | B5: 22200 | C5: 30 | D5: informational, commercial | E5: (unassigned)
A6: white kitchen cabinets | B6: 18100 | C6: 37 | D6: informational | E6: (unassigned)
A7: kitchen storage cabinets | B7: 8100 | C7: 39 | D7: transactional | E7: (unassigned)
A8: kitchen cabinets paint | B8: 3600 | C8: 36 | D8: informational, commercial | E8: (unassigned)
A9: base kitchen cabinets | B9: 2400 | C9: 36 | D9: transactional | E9: (unassigned)
A10: cabinet building | B10: 880 | C10: 24 | D10: informational | E10: (unassigned)
A11: kitchen cabinets wooden | B11: 720 | C11: 28 | D11: transactional | E11: (unassigned)
A12: kitchen cabinets pictures gallery | B12: 590 | C12: 25 | D12: informational | E12: (unassigned)
A13: kitchen trends 2026 | B13: 590 | C13: 20 | D13: informational | E13: (unassigned)
A14: type of kitchen cabinets | B14: 480 | C14: 22 | D14: informational | E14: (unassigned)
A15: cabinet solutions | B15: 480 | C15: 28 | D15: commercial | E15: (unassigned)
A16: types of kitchen cabinet | B16: 480 | C16: 23 | D16: informational | E16: /blog
... A75: kitchen cabinet type | B75: 30 | C75: 21 | D75: informational, commercial | E75: (unassigned)
